<?xml version="1.0" encoding="UTF-8"?>
<project-private xmlns="http://www.netbeans.org/ns/project-private/1">
    <editor-bookmarks xmlns="http://www.netbeans.org/ns/editor-bookmarks/2" lastBookmarkId="0"/>
    <open-files xmlns="http://www.netbeans.org/ns/projectui-open-files/2">
        <group>
            <file>file:/C:/Users/ruizr/Documents/NetBeansProjects/xxPooo/src/org/poo/api/ApiOperacionBD.java</file>
            <file>file:/C:/Users/ruizr/Documents/NetBeansProjects/xxPooo/src/org/poo/app/Principal.java</file>
            <file>file:/C:/Users/ruizr/Documents/NetBeansProjects/xxPooo/src/org/poo/modelo/Sala.java</file>
            <file>file:/C:/Users/ruizr/Documents/NetBeansProjects/xxPooo/src/org/poo/modelo/Pelicula.java</file>
            <file>file:/C:/Users/ruizr/Documents/NetBeansProjects/xxPooo/src/org/poo/modelo/Cliente.java</file>
            <file>file:/C:/Users/ruizr/Documents/NetBeansProjects/xxPooo/src/org/poo/modelo/Funcion.java</file>
            <file>file:/C:/Users/ruizr/Documents/NetBeansProjects/xxPooo/src/org/poo/modelo/Boleta.java</file>
            <file>file:/C:/Users/ruizr/Documents/NetBeansProjects/xxPooo/src/org/poo/modelo/DIrector.java</file>
            <file>file:/C:/Users/ruizr/Documents/NetBeansProjects/xxPooo/src/org/poo/dto/GeneroDto.java</file>
            <file>file:/C:/Users/ruizr/Documents/NetBeansProjects/xxPooo/src/org/poo/modelo/Distribuidora.java</file>
            <file>file:/C:/Users/ruizr/Documents/NetBeansProjects/xxPooo/src/org/poo/modelo/Productora.java</file>
            <file>file:/C:/Users/ruizr/Documents/NetBeansProjects/xxPooo/src/org/poo/controlador/sala/SalaControladorGrabar.java</file>
            <file>file:/C:/Users/ruizr/Documents/NetBeansProjects/xxPooo/src/org/poo/controlador/sala/SalaControladorListar.java</file>
            <file>file:/C:/Users/ruizr/Documents/NetBeansProjects/xxPooo/src/org/poo/controlador/sala/SalaControladorEliminar.java</file>
            <file>file:/C:/Users/ruizr/Documents/NetBeansProjects/xxPooo/src/org/poo/controlador/SalidaControlador.java</file>
            <file>file:/C:/Users/ruizr/Documents/NetBeansProjects/xxPooo/src/org/poo/controlador/sala/SalaVistaControlador.java</file>
            <file>file:/C:/Users/ruizr/Documents/NetBeansProjects/xxPooo/src/org/poo/dto/BoletaDto.java</file>
            <file>file:/C:/Users/ruizr/Documents/NetBeansProjects/xxPooo/src/org/poo/dto/PeliculaDto.java</file>
            <file>file:/C:/Users/ruizr/Documents/NetBeansProjects/xxPooo/src/org/poo/dto/ClienteDto.java</file>
            <file>file:/C:/Users/ruizr/Documents/NetBeansProjects/xxPooo/src/org/poo/dto/DirectorDto.java</file>
            <file>file:/C:/Users/ruizr/Documents/NetBeansProjects/xxPooo/src/org/poo/dto/DistribuidoraDto.java</file>
            <file>file:/C:/Users/ruizr/Documents/NetBeansProjects/xxPooo/src/org/poo/dto/FuncionDto.java</file>
            <file>file:/C:/Users/ruizr/Documents/NetBeansProjects/xxPooo/src/org/poo/dto/ProductoraDto.java</file>
            <file>file:/C:/Users/ruizr/Documents/NetBeansProjects/xxPooo/src/org/poo/dto/SalaDto.java</file>
            <file>file:/C:/Users/ruizr/Documents/NetBeansProjects/xxPooo/src/org/poo/servicio/PeliculaServicio.java</file>
            <file>file:/C:/Users/ruizr/Documents/NetBeansProjects/xxPooo/src/org/poo/servicio/BoletaServicio.java</file>
            <file>file:/C:/Users/ruizr/Documents/NetBeansProjects/xxPooo/src/org/poo/vista/genero/VistaGeneroAdministrar.java</file>
            <file>file:/C:/Users/ruizr/Documents/NetBeansProjects/xxPooo/src/org/poo/servicio/ClienteServicio.java</file>
            <file>file:/C:/Users/ruizr/Documents/NetBeansProjects/xxPooo/src/org/poo/servicio/DirectorServicio.java</file>
            <file>file:/C:/Users/ruizr/Documents/NetBeansProjects/xxPooo/src/org/poo/servicio/DistribuidoraServicio.java</file>
            <file>file:/C:/Users/ruizr/Documents/NetBeansProjects/xxPooo/src/org/poo/servicio/FuncionServicio.java</file>
            <file>file:/C:/Users/ruizr/Documents/NetBeansProjects/xxPooo/src/org/poo/servicio/ProductoraServicio.java</file>
            <file>file:/C:/Users/ruizr/Documents/NetBeansProjects/xxPooo/src/org/poo/servicio/SalaServicio.java</file>
            <file>file:/C:/Users/ruizr/Documents/NetBeansProjects/xxPooo/src/org/poo/recurso/utilidad/Efecto.java</file>
            <file>file:/C:/Users/ruizr/Documents/NetBeansProjects/xxPooo/src/org/poo/recurso/utilidad/GestorImagen.java</file>
            <file>file:/C:/Users/ruizr/Documents/NetBeansProjects/xxPooo/src/org/poo/recurso/utilidad/Formulario_1.java</file>
            <file>file:/C:/Users/ruizr/Documents/NetBeansProjects/xxPooo/src/org/poo/controlador/ControladorEfecto.java</file>
            <file>file:/C:/Users/ruizr/Documents/NetBeansProjects/xxPooo/src/org/poo/vista/gestor/VistaAdmin.java</file>
            <file>file:/C:/Users/ruizr/Documents/NetBeansProjects/xxPooo/src/org/poo/recurso/constante/Configuracion.java</file>
            <file>file:/C:/Users/ruizr/Documents/NetBeansProjects/xxPooo/src/org/poo/recurso/constante/Persistencia.java</file>
            <file>file:/C:/Users/ruizr/Documents/NetBeansProjects/xxPooo/src/org/poo/recurso/utilidad/Fondo.java</file>
        </group>
    </open-files>
</project-private>
